"0","#R"
"0","path <- ""../data/NetMHCIIpan_train/"""
"0","read_file <- function(name,path) {"
"0","  df = tibble()"
"0","  for (i in 1:5) {"
"0","    x <-  data.table::fread(str_c(path,name,i,"".txt""),data.table = F,header = F)"
"0","    df <- rbind(df,x)"
"0","  }"
"0","  return(df)"
"0","}"
"0","train_BA <- read_file(""train_BA"",path)"
"0","test_BA <- read_file(""test_BA"",path)"
"0",""
"0","pseudo_sequence <- data.table::fread(""../data/pseudosequence.2016.all.X.dat"",data.table = F,header = F)#pseudo seq for MHC"
"0","BA <- rbind(train_BA,test_BA)"
"0","BA_filtered <- BA %>% filter(str_detect(V3,""D"")) %>% select(V1,V2,V3)"
"0","colnames(pseudo_sequence) <- c(""MHC"",""sequence"")"
"0","colnames(BA_filtered) <- c(""peptide"",""IC50"",""MHC"")"
"0","BA_filtered_MHC <- left_join(BA_filtered,pseudo_sequence)"
"2","Joining, by = ""MHC"""
"0","#na.omit(BA_filter_MHC)"
"0","BA_filtered_MHC <- unique(BA_filtered_MHC)"
"0","dim(BA_filtered_MHC)"
"1","[1]"
"1"," 107008"
"1","      4"
"1","
"
"0","length(table(unique(BA_filtered_MHC$MHC)))"
"1","[1]"
"1"," 71"
"1","
"
