"0","DF15_sorted = DF15.sort_values(by=[""pep"",""HLA""]).reset_index(drop = True)"
"0","allele = pd.read_csv(""/Users/wangguangshuai/Data/MHCII/Data/IMM_model_benchmark/allele.csv"")"
"0","netMHCIIpan_ba = pd.read_csv(""/Users/wangguangshuai/Data/MHCII/Data/IMM_model_benchmark/netMHCIIpan_15_mer_ba.csv"")"
"0","netMHCIIpan_ba[""pep_length""] = netMHCIIpan_ba[""peptide""].map(len)"
"0","net_15mer_ba = netMHCIIpan_process(netMHCIIpan_ba,allele,DF15_sorted,peptide)"
"0","mer15_ba_result = auc_pr(net_15mer_ba,""Immunogenicity"",""prediction"",rank = True)"
"0","print(""AUC:{}"".format(mer15_ba_result[4]))"
"1","AUC:0.7059071729957805
"
"0","print(""PR_AUC:{}"".format(mer15_ba_result[5]))"
"1","PR_AUC:0.19857401640806183
"
