HLA,Allele Name
DRB1_0401,HLA-DRB1*04:01
DRB1_0404,HLA-DRB1*04:04
DRB4_0103,HLA-DRB4*01:03
HLA-DPA10103-DPB10401,HLA-DPA1*01:03/DPB1*04:01
DRB1_0701,HLA-DRB1*07:01
DRB1_1104,HLA-DRB1*11:04
DRB3_0202,HLA-DRB3*02:02
HLA-DQA10201-DQB10202,HLA-DQA1*02:01/DQB1*02:02
HLA-DQA10505-DQB10301,HLA-DQA1*05:05/DQB1*03:01
DRB1_0101,HLA-DRB1*01:01
DRB5_0202,HLA-DRB5*02:02
HLA-DQA10101-DQB10501,HLA-DQA1*01:01/DQB1*05:01
HLA-DQA10102-DQB10502,HLA-DQA1*01:02/DQB1*05:02
HLA-DPA10103-DPB10201,HLA-DPA1*01:03/DPB1*02:01
HLA-DPA10103-DPB10402,HLA-DPA1*01:03/DPB1*04:02
DRB1_1101,HLA-DRB1*11:01
HLA-DPA10103-DPB10301,HLA-DPA1*01:03/DPB1*03:01
HLA-DPA10201-DPB11401,HLA-DPA1*02:01/DPB1*14:01
DRB1_0301,HLA-DRB1*03:01
DRB3_0101,HLA-DRB3*01:01
HLA-DQA10501-DQB10201,HLA-DQA1*05:01/DQB1*02:01
DRB1_1501,HLA-DRB1*15:01
DRB1_1502,HLA-DRB1*15:02
DRB5_0101,HLA-DRB5*01:01
DRB1_1301,HLA-DRB1*13:01
DRB1_0102,HLA-DRB1*01:02
DRB4_0101,HLA-DRB4*01:01
HLA-DQA10501-DQB10301,HLA-DQA1*05:01/DQB1*03:01
