"0","import pandas as pd"
"0","import matplotlib.pyplot as plt"
"0","import matplotlib as mpl"
"0","mpl.rcParams['pdf.fonttype'] = 42"
"0","mpl.rcParams['ps.fonttype'] = 42"
"0","plt.rcParams.update({'font.family':'Arial'})"
"0","import seaborn as sns"
"0","import numpy as np"
"0","from sklearn.metrics import confusion_matrix,accuracy_score"
"0","from sklearn.metrics import roc_curve,auc,confusion_matrix,precision_score,recall_score,precision_recall_curve"
"0","import matplotlib as mpl"
"0","import sys"
"0","sys.path.append(""../Python"")"
"0","from Delongtest import DelongTest"
