"0","CM_all = [result_15mer_CM,IEDB_result_CM,Repitope_result_CM,net_15mer_ba_CM,net_15mer_el_CM,result_kmer_CM,net_kmer_ba_CM,net_kmer_el_CM]"
"0","CM_label = [""TLimmuno2_15mer"",""IEDB"",""Repitope"",""NetMHCIIpanBA_15mer"",""NetMHCIIpanEL_15mer"",""TLimmuon2_kmer"",""NetMHCIIpanBA_kmer"",""NetMHCIIpanEL_kmer""]"
"0","def CM_plot(data,label):"
"0","  fig,ax = plt.subplots(figsize = (4,4))"
"0","  sns.heatmap(data,annot =True,cmap=""YlGnBu"",vmin=0, vmax=1,cbar = False)"
"0","  plt.ylabel(""True label"")"
"0","  plt.xlabel(""Prediction label"")"
"0","  plt.title(""{}"".format(label))"
"0","  "
"0","  plt.savefig(""../figure/{}.pdf"".format(label),dpi = 300,transparent=True)"
"0",""
"0","for i,l in enumerate(CM_all):"
"0","  CM_plot(l,CM_label[i])"
"0","  "
