"0","netMHCIIpan_el = pd.read_csv(""/Users/wangguangshuai/Data/MHCII/Data/IMM_model_benchmark/netMHCIIpan_15_mer_el.csv"")"
"0","netMHCIIpan_el[""pep_length""] = netMHCIIpan_el[""peptide""].map(len)"
"0","net_15mer_el = netMHCIIpan_process(netMHCIIpan_el,allele,DF15_sorted,peptide)"
"0","mer15_el_result = auc_pr(net_15mer_el,""Immunogenicity"",""prediction"",rank = True)"
"0","print(""AUC:{}"".format(mer15_el_result[4]))"
"1","AUC:0.6991791331031837
"
"0","print(""PR_AUC:{}"".format(mer15_el_result[5]))"
"1","PR_AUC:0.16379884083064927
"
